agegroup,num_residents,infected,cured,dead,Proportion of death among infected
35-44,1185121,896736,890036,106,0.01182064732541127
45-54,1308912,840750,833205,423,0.05031222123104371
55-64,1285913,672645,664012,1376,0.2045655583554475
65-74,872171,334569,326792,3157,0.9436020671371228
75-84,620256,217160,206672,6956,3.203168170933874
<35,3436431,2430636,2418396,80,0.0032913196381523188
>84,223860,87886,77582,8983,10.221195639806112
